IP address,Port,Epoch,JARM fingerprint,AS number,First seen
104.168.155[.]143,8080,4,,54290,2022-06-30 20:11:05 UTC
43.129.209[.]178,443,5,2ad2ad0002ad2ad0002ad2ad2ad2ade1a3c0d7ca6ad8388057924be83dfc6a,132203,2022-06-28 13:34:37 UTC
139.59.80[.]108,8080,5,,14061,2022-06-28 13:34:37 UTC
83.229.80[.]93,8080,5,,25052,2022-06-28 13:34:37 UTC
188.165.79[.]151,443,5,2ad2ad0002ad2ad0002ad2ad2ad2ade1a3c0d7ca6ad8388057924be83dfc6a,16276,2022-06-28 13:34:37 UTC
139.59.126[.]41,443,4,,14061,2022-06-27 23:01:35 UTC
213.239.212[.]5,443,4,2ad2ad0002ad2ad0002ad2ad2ad2ade1a3c0d7ca6ad8388057924be83dfc6a,24940,2022-06-27 23:01:35 UTC
45.55.191[.]130,443,4,2ad2ad0002ad2ad0002ad2ad2ad2ade1a3c0d7ca6ad8388057924be83dfc6a,14061,2022-06-27 23:01:35 UTC
173.239.37[.]178,8080,4,,27257,2022-06-24 20:34:50 UTC
37.187.114[.]15,8080,5,,16276,2022-06-20 10:42:11 UTC
46.101.234[.]246,8080,5,,14061,2022-06-20 10:42:11 UTC
45.76.181[.]158,443,4,2ad2ad0002ad2ad0002ad2ad2ad2ade1a3c0d7ca6ad8388057924be83dfc6a,20473,2022-06-20 08:16:18 UTC
139.162.113[.]169,8080,4,,63949,2022-06-16 00:03:25 UTC
135.148.6[.]80,443,4,2ad2ad0002ad2ad0002ad2ad2ad2ade1a3c0d7ca6ad8388057924be83dfc6a,16276,2022-06-16 00:03:25 UTC
128.199.242[.]164,8080,5,,14061,2022-06-14 06:17:12 UTC
190.107.19[.]179,443,5,2ad2ad0002ad2ad0002ad2ad2ad2ade1a3c0d7ca6ad8388057924be83dfc6a,27951,2022-06-14 06:17:12 UTC
46.101.98[.]60,8080,5,,14061,2022-06-14 06:17:12 UTC
190.145.8[.]4,443,5,,14080,2022-06-14 06:17:12 UTC
167.86.75[.]145,443,5,2ad2ad0002ad2ad0002ad2ad2ad2ade1a3c0d7ca6ad8388057924be83dfc6a,51167,2022-06-14 06:17:12 UTC
144.91.78[.]55,443,4,2ad2ad0002ad2ad0002ad2ad2ad2ade1a3c0d7ca6ad8388057924be83dfc6a,51167,2022-06-13 22:08:24 UTC
172.105.226[.]75,8080,4,,63949,2022-06-13 22:08:24 UTC
152.136.229[.]39,8080,4,,45090,2022-06-09 14:08:26 UTC
173.82.82[.]196,8080,4,,35916,2022-06-09 14:08:26 UTC
198.199.70[.]22,8080,5,,14061,2022-06-08 20:24:47 UTC
165.22.254[.]68,443,5,2ad2ad0002ad2ad0002ad2ad2ad2ade1a3c0d7ca6ad8388057924be83dfc6a,14061,2022-06-08 20:24:47 UTC
51.161.73[.]194,443,4,2ad2ad0002ad2ad0002ad2ad2ad2ade1a3c0d7ca6ad8388057924be83dfc6a,16276,2022-06-08 09:38:02 UTC
64.227.100[.]222,8080,4,,14061,2022-06-08 09:38:02 UTC
165.22.254[.]236,8080,5,,14061,2022-06-06 21:37:00 UTC
212.83.184[.]188,8080,5,,12876,2022-06-06 21:37:00 UTC
173.249.25[.]219,443,5,2ad2ad0002ad2ad0002ad2ad2ad2ade1a3c0d7ca6ad8388057924be83dfc6a,51167,2022-06-06 21:37:00 UTC
45.186.16[.]18,443,4,2ad2ad0002ad2ad0002ad2ad2ad2ade1a3c0d7ca6ad8388057924be83dfc6a,269468,2022-06-06 18:30:45 UTC
207.148.79[.]14,8080,4,,20473,2022-06-06 18:30:45 UTC
31.22.4[.]160,8080,4,,34119,2022-06-06 18:30:45 UTC
104.244.79[.]94,443,5,2ad2ad0002ad2ad0002ad2ad2ad2ade1a3c0d7ca6ad8388057924be83dfc6a,53667,2022-06-06 10:56:13 UTC
103.254.12[.]236,7080,5,,131428,2022-06-06 10:56:13 UTC
157.245.111[.]0,8080,5,,14061,2022-06-06 10:56:13 UTC
64.227.55[.]231,8080,5,,14061,2022-06-06 10:56:13 UTC
128.199.217[.]206,443,5,15d3fd16d29d29d00042d43d000000fbc10435df141b3459e26f69e76d5947,14061,2022-06-06 10:56:13 UTC
103.126.216[.]86,443,5,2ad2ad0002ad2ad0002ad2ad2ad2ade1a3c0d7ca6ad8388057924be83dfc6a,134806,2022-06-06 10:56:13 UTC
157.230.99[.]206,8080,5,,14061,2022-06-06 10:56:13 UTC
103.224.241[.]74,8080,5,,133296,2022-06-03 22:39:48 UTC
103.71.99[.]57,8080,5,,135682,2022-06-03 22:39:48 UTC
165.232.185[.]110,8080,5,,14061,2022-06-03 22:39:48 UTC
159.89.202[.]34,443,4,2ad2ad0002ad2ad0002ad2ad2ad2ade1a3c0d7ca6ad8388057924be83dfc6a,14061,2022-06-03 13:52:17 UTC
37.187.115[.]122,8080,4,,16276,2022-06-03 13:52:17 UTC
107.170.39[.]149,8080,4,,14061,2022-06-03 13:52:17 UTC
186.194.240[.]217,443,4,05d10d20d21d20d05c05d10d05d20d74fcf6501ae7a92319e575bfafd2a827,28198,2022-06-03 13:52:17 UTC
82.223.21[.]224,8080,4,,8560,2022-06-03 13:52:17 UTC
41.73.252[.]195,443,4,2ad2ad0002ad2ad0002ad2ad2ad2ade1a3c0d7ca6ad8388057924be83dfc6a,16284,2022-06-03 13:52:17 UTC
207.180.241[.]186,8080,4,,51167,2022-06-03 13:52:17 UTC
165.22.73[.]229,8080,5,,14061,2022-05-20 21:00:41 UTC
160.16.143[.]191,7080,5,,9370,2022-05-20 21:00:41 UTC
115.68.227[.]76,8080,4,,38700,2022-05-20 08:37:24 UTC
89.29.244[.]7,443,4,2ad2ad0002ad2ad0002ad2ad2ad2ade1a3c0d7ca6ad8388057924be83dfc6a,44293,2022-05-20 08:37:24 UTC
159.65.140[.]115,443,4,,14061,2022-05-18 08:53:09 UTC
103.43.75[.]120,443,4,,20473,2022-05-18 08:53:09 UTC
178.62.112[.]199,8080,5,,14061,2022-05-17 06:53:01 UTC
103.85.95[.]4,8080,5,,136077,2022-05-17 06:53:01 UTC
134.122.119[.]23,8080,5,,14061,2022-05-17 06:53:01 UTC
103.8.26[.]17,8080,5,,132241,2022-05-17 06:53:01 UTC
172.105.70[.]96,443,4,2ad2ad0002ad2ad0002ad2ad2ad2ade1a3c0d7ca6ad8388057924be83dfc6a,63949,2022-05-16 10:52:34 UTC
104.248.225[.]227,8080,5,,14061,2022-05-16 08:04:00 UTC
103.56.149[.]105,8080,5,,55688,2022-05-16 08:04:00 UTC
110.235.83[.]107,7080,5,,9269,2022-05-16 08:04:00 UTC
68.183.91[.]111,8080,5,,14061,2022-05-16 08:04:00 UTC
23.239.0[.]12,443,4,2ad2ad0002ad2ad0002ad2ad2ad2ade1a3c0d7ca6ad8388057924be83dfc6a,63949,2022-05-11 18:21:00 UTC
163.44.196[.]120,8080,4,,135161,2022-05-11 16:44:12 UTC
102.222.215[.]74,443,4,,328671,2022-05-11 16:44:12 UTC
150.95.66[.]124,8080,4,,135161,2022-05-11 16:44:12 UTC
213.241.20[.]155,443,4,,12741,2022-05-11 16:44:12 UTC
63.142.250[.]212,443,4,2ad2ad0002ad2ad0002ad2ad2ad2ade1a3c0d7ca6ad8388057924be83dfc6a,394727,2022-05-11 16:44:12 UTC
162.241.79[.]26,8080,4,,46606,2022-05-06 08:29:56 UTC
139.180.205[.]161,443,4,2ad2ad0002ad2ad0002ad2ad2ad2ade1a3c0d7ca6ad8388057924be83dfc6a,20473,2022-04-29 13:00:18 UTC
209.15.236[.]39,8080,4,,13768,2022-04-29 13:00:18 UTC
79.137.35[.]198,8080,4,,16276,2022-04-29 10:42:34 UTC
176.31.73[.]90,443,4,2ad2ad0002ad2ad0002ad2ad2ad2ade1a3c0d7ca6ad8388057924be83dfc6a,16276,2022-04-29 07:51:23 UTC
45.76.159[.]214,8080,4,,20473,2022-04-29 07:51:23 UTC
77.81.247[.]144,8080,4,,60781,2022-04-29 07:51:23 UTC
85.214.93[.]93,8080,5,,6724,2022-04-27 07:24:38 UTC
217.182.78[.]224,443,4,2ad2ad0002ad2ad0002ad2ad2ad2ade1a3c0d7ca6ad8388057924be83dfc6a,16276,2022-04-27 06:02:21 UTC
164.52.194[.]45,8080,5,,132420,2022-04-23 03:40:38 UTC
149.56.131[.]28,8080,4,,16276,2022-04-20 12:08:54 UTC
185.4.135[.]165,8080,4,,199246,2022-04-20 12:08:54 UTC
209.97.163[.]214,443,4,,14061,2022-04-20 12:08:54 UTC
27.54.89[.]58,8080,4,,38719,2022-04-20 12:08:54 UTC
45.235.8[.]30,8080,4,,267405,2022-04-20 12:08:54 UTC
138.197.147[.]101,443,4,2ad2ad0002ad2ad0002ad2ad2ad2ade1a3c0d7ca6ad8388057924be83dfc6a,14061,2022-04-20 12:08:54 UTC
104.168.154[.]79,8080,4,,54290,2022-04-20 12:08:54 UTC
138.201.142[.]73,8080,4,,24940,2022-04-20 12:08:54 UTC
134.195.212[.]50,7080,4,,398375,2022-04-20 12:08:54 UTC
91.207.28[.]33,8080,4,,39819,2022-03-30 10:12:26 UTC
68.183.94[.]239,80,4,,14061,2022-03-30 10:12:26 UTC
175.126.176[.]79,8080,5,,9318,2022-03-30 07:09:31 UTC
51.68.141[.]164,8080,5,,16276,2022-03-30 07:09:31 UTC
5.189.160[.]61,443,5,2ad2ad0002ad2ad0002ad2ad2ad2ade1a3c0d7ca6ad8388057924be83dfc6a,51167,2022-03-30 07:09:31 UTC
94.177.178[.]26,8080,5,,31034,2022-03-30 07:09:31 UTC
159.203.141[.]156,8080,4,,14061,2022-03-29 10:28:36 UTC
104.131.11[.]205,443,4,2ad2ad0002ad2ad0002ad2ad2ad2ade1a3c0d7ca6ad8388057924be83dfc6a,14061,2022-03-29 09:51:08 UTC
206.189.28[.]199,8080,4,,14061,2022-03-27 23:01:34 UTC
103.132.242[.]26,8080,4,,45117,2022-03-27 23:01:34 UTC
160.16.142[.]56,8080,4,,9370,2022-03-27 23:01:34 UTC
172.104.251[.]154,8080,4,,63949,2022-03-27 23:01:34 UTC
103.70.28[.]102,8080,4,,63761,2022-03-27 23:01:34 UTC
183.111.227[.]137,8080,4,,4766,2022-03-27 23:01:34 UTC
187.84.80[.]182,443,4,2ad2ad0002ad2ad0002ad2ad2ad2ade1a3c0d7ca6ad8388057924be83dfc6a,52850,2022-03-27 23:01:34 UTC
138.197.109[.]175,8080,4,,14061,2022-03-27 23:01:34 UTC
79.143.187[.]147,443,4,2ad2ad0002ad2ad0002ad2ad2ad2ade1a3c0d7ca6ad8388057924be83dfc6a,51167,2022-03-27 23:01:34 UTC
45.176.232[.]125,443,4,2ad2ad0002ad2ad0002ad2ad2ad2ade1a3c0d7ca6ad8388057924be83dfc6a,267869,2022-03-27 23:01:34 UTC
201.94.166[.]162,443,4,2ad2ad0002ad2ad0002ad2ad2ad2ade1a3c0d7ca6ad8388057924be83dfc6a,28573,2022-03-27 22:57:10 UTC
167.172.253[.]162,8080,4,,14061,2022-03-27 22:57:10 UTC
134.122.66[.]193,8080,4,,14061,2022-03-27 22:57:10 UTC
216.120.236[.]62,8080,4,,23535,2022-03-27 22:57:10 UTC
189.232.46[.]161,443,4,2ad2ad0002ad2ad0002ad2ad2ad2ade1a3c0d7ca6ad8388057924be83dfc6a,8151,2022-03-27 22:57:10 UTC
70.36.102[.]35,443,4,2ad2ad0002ad2ad0002ad2ad2ad2ade1a3c0d7ca6ad8388057924be83dfc6a,22439,2022-03-24 05:12:53 UTC
92.240.254[.]110,8080,4,,29405,2022-03-24 05:12:53 UTC
202.29.239[.]162,443,5,2ad2ad0002ad2ad0002ad2ad2ad2ade1a3c0d7ca6ad8388057924be83dfc6a,4621,2022-03-23 08:06:12 UTC
54.38.143[.]246,7080,5,,16276,2022-03-23 08:06:12 UTC
119.59.125[.]140,8080,5,,56067,2022-03-23 08:06:12 UTC
1.234.65[.]61,7080,5,,9318,2022-03-23 08:06:12 UTC
51.91.76[.]89,8080,4,,16276,2022-03-22 23:28:39 UTC
173.254.208[.]91,8080,4,,8100,2022-03-22 23:28:39 UTC
36.67.23[.]59,443,5,,7713,2022-03-18 14:05:52 UTC
103.133.214[.]242,8080,5,,133643,2022-03-18 14:05:52 UTC
188.166.229[.]148,443,5,29d29d15d29d29d00042d42d0000005fd00fabd213a5ac89229012f70afd5c,14061,2022-03-18 14:05:52 UTC
80.211.107[.]116,8080,5,,31034,2022-03-18 14:05:52 UTC
209.250.246[.]206,443,4,2ad2ad0002ad2ad0002ad2ad2ad2ade1a3c0d7ca6ad8388057924be83dfc6a,20473,2022-03-16 09:17:35 UTC
1.234.21[.]73,7080,4,,9318,2022-03-16 09:17:35 UTC
206.188.212[.]92,8080,4,,19871,2022-03-16 09:17:35 UTC
149.56.128[.]192,443,4,2ad2ad0002ad2ad0002ad2ad2ad2ade1a3c0d7ca6ad8388057924be83dfc6a,16276,2022-03-16 09:17:35 UTC
120.50.40[.]183,80,4,,17547,2022-03-16 09:17:35 UTC
160.16.218[.]63,8080,4,,9370,2022-03-16 09:17:35 UTC
202.28.34[.]99,8080,5,,9562,2022-03-15 21:50:26 UTC
202.134.4[.]210,7080,5,,7713,2022-03-15 21:50:26 UTC
103.82.248[.]59,7080,5,,63989,2022-03-15 21:50:26 UTC
165.22.61[.]235,443,5,2ad2ad0002ad2ad0002ad2ad2ad2ade1a3c0d7ca6ad8388057924be83dfc6a,14061,2022-03-15 21:50:26 UTC
121.78.112[.]42,8080,5,,17589,2022-03-15 21:50:26 UTC
216.10.251[.]121,8080,5,,394695,2022-03-15 21:50:26 UTC
2.58.16[.]87,8080,5,,64421,2022-03-15 21:50:26 UTC
72.15.201[.]15,8080,4,,13649,2022-03-14 19:09:15 UTC
103.43.46[.]182,443,4,2ad2ad0002ad2ad0002ad2ad2ad2ade1a3c0d7ca6ad8388057924be83dfc6a,58397,2022-03-14 19:09:15 UTC
101.50.0[.]91,8080,4,,55688,2022-03-14 19:09:15 UTC
167.99.115[.]35,8080,4,,14061,2022-03-14 19:09:15 UTC
119.193.124[.]41,7080,4,,4766,2022-03-14 19:09:15 UTC
217.182.25[.]250,8080,4,,16276,2022-03-14 19:09:15 UTC
195.201.151[.]129,8080,4,,24940,2022-03-14 19:09:15 UTC
45.76.1[.]145,443,4,2ad2ad0002ad2ad0002ad2ad2ad2ade1a3c0d7ca6ad8388057924be83dfc6a,20473,2022-03-14 19:09:15 UTC
196.218.30[.]83,443,4,,8452,2022-03-14 09:24:36 UTC
185.8.212[.]130,7080,4,,48979,2022-03-14 09:24:36 UTC
146.59.226[.]45,443,4,2ad2ad0002ad2ad0002ad2ad2ad2ade1a3c0d7ca6ad8388057924be83dfc6a,16276,2022-03-14 09:24:36 UTC
188.44.20[.]25,443,4,,57374,2022-03-14 09:24:36 UTC
189.126.111[.]200,7080,4,,27715,2022-03-14 09:24:36 UTC
151.106.112[.]196,8080,4,,47583,2022-03-14 09:24:36 UTC
197.242.150[.]244,8080,4,,37611,2022-03-14 09:24:36 UTC
1.234.2[.]232,8080,4,,9318,2022-03-14 09:24:36 UTC
51.91.7[.]5,8080,4,,16276,2022-03-14 09:24:36 UTC
153.126.146[.]25,7080,4,,7684,2022-03-14 09:24:36 UTC
159.65.88[.]10,8080,4,,14061,2022-03-14 09:24:36 UTC
5.9.116[.]246,8080,4,,24940,2022-03-14 09:24:36 UTC
192.99.251[.]50,443,4,2ad2ad0002ad2ad0002ad2ad2ad2ade1a3c0d7ca6ad8388057924be83dfc6a,16276,2022-03-14 09:24:36 UTC
176.56.128[.]118,443,4,2ad2ad0002ad2ad0002ad2ad2ad2ade1a3c0d7ca6ad8388057924be83dfc6a,12637,2022-03-14 09:24:36 UTC
103.221.221[.]247,8080,4,,63760,2022-03-14 09:24:36 UTC
217.182.143[.]248,8080,4,,16276,2022-03-14 09:24:36 UTC
185.4.135[.]27,8080,4,,199246,2022-03-14 09:24:36 UTC
162.214.118[.]104,8080,4,,46606,2022-03-14 09:24:36 UTC
177.87.70[.]10,8080,4,,52591,2022-03-14 09:24:36 UTC
186.250.48[.]117,7080,4,,262807,2022-03-14 09:24:36 UTC
103.42.58[.]120,7080,5,,45899,2022-03-07 22:35:55 UTC
196.44.98[.]190,8080,5,,327814,2022-03-07 22:35:55 UTC
5.56.132[.]177,8080,5,,208555,2022-03-07 22:35:55 UTC
87.106.97[.]83,7080,5,,8560,2022-03-07 22:35:55 UTC
88.217.172[.]165,8080,5,,8767,2022-03-07 22:35:55 UTC
51.75.33[.]122,443,5,,16276,2022-03-07 22:35:55 UTC
186.250.48[.]5,80,5,,262807,2022-03-07 22:35:55 UTC
168.119.39[.]118,443,5,21d19d00021d21d21c21d19d21d21dddc75ea8bb053134e7478e004d03ff65,24940,2022-03-07 22:35:55 UTC
188.165.214[.]166,7080,4,,16276,2022-03-06 18:02:22 UTC
168.235.104[.]209,8080,4,,3842,2022-02-28 20:03:24 UTC
195.154.253[.]60,8080,4,,12876,2022-02-28 20:03:24 UTC
152.89.239[.]34,443,4,2ad2ad0002ad2ad0002ad2ad2ad2ade1a3c0d7ca6ad8388057924be83dfc6a,48314,2022-02-28 20:03:24 UTC
169.197.131[.]16,8080,4,,32181,2022-02-25 21:28:12 UTC
46.41.130[.]218,8080,5,,12824,2022-02-23 07:56:28 UTC
209.126.98[.]206,8080,4,,30083,2022-02-22 21:08:28 UTC
135.148.121[.]246,8080,4,,16276,2022-02-22 21:08:28 UTC
213.190.4[.]223,7080,4,,47583,2022-02-22 21:08:28 UTC
93.104.209[.]107,8080,5,,8767,2022-02-22 20:44:05 UTC
68.183.93[.]250,443,5,21d19d00000000021c21d19d21d21db2e1191a3715fa469c667680e6cfab7f,14061,2022-02-22 20:44:05 UTC
45.71.195[.]104,8080,5,,267642,2022-02-22 20:44:05 UTC
61.7.231[.]229,443,5,2ad2ad0002ad2ad0002ad2ad2ad2ade1a3c0d7ca6ad8388057924be83dfc6a,9931,2022-02-22 20:44:05 UTC
61.7.231[.]226,443,5,2ad2ad0002ad2ad0002ad2ad2ad2ade1a3c0d7ca6ad8388057924be83dfc6a,9931,2022-02-22 20:44:05 UTC
27.254.174[.]84,8080,5,,9891,2022-02-22 20:44:05 UTC
50.30.40[.]196,8080,4,,30083,2022-02-22 16:48:53 UTC
175.107.196[.]192,80,4,,24440,2022-02-22 16:48:53 UTC
156.67.219[.]84,7080,4,,47583,2022-02-22 16:48:53 UTC
103.134.85[.]85,80,4,,139943,2022-02-22 16:48:53 UTC
198.199.126[.]144,443,5,2ad2ad16d2ad2ad22c2ad2ad2ad2ad161f6f8e71099c0cdf39201b72c92a2b,14061,2022-02-08 15:54:30 UTC
103.42.57[.]17,8080,5,,45899,2022-02-07 21:28:19 UTC
185.248.140[.]40,443,4,2ad2ad0002ad2ad0002ad2ad2ad2ade1a3c0d7ca6ad8388057924be83dfc6a,48314,2022-02-07 18:57:44 UTC
31.24.158[.]56,8080,4,,50926,2022-02-07 16:14:34 UTC
153.126.203[.]229,8080,4,,7684,2022-02-07 16:14:34 UTC
8.9.11[.]48,443,4,2ad2ad0002ad2ad0002ad2ad2ad2ade1a3c0d7ca6ad8388057924be83dfc6a,20473,2022-02-07 16:14:34 UTC
45.79.173[.]200,443,4,2ad2ad0002ad2ad0002ad2ad2ad2ade1a3c0d7ca6ad8388057924be83dfc6a,63949,2022-02-03 15:27:53 UTC
82.165.152[.]127,8080,4,,8560,2022-02-03 08:47:21 UTC
51.254.140[.]238,7080,4,,16276,2022-02-03 08:47:21 UTC
192.95.56[.]148,8080,4,,16276,2022-02-03 08:47:21 UTC
144.76.186[.]55,7080,4,,24940,2022-02-03 08:47:21 UTC
178.128.83[.]165,80,4,,14061,2022-02-03 08:47:21 UTC
119.235.255[.]201,8080,4,,45146,2022-02-03 08:47:21 UTC
174.136.15[.]27,8080,5,,62729,2022-02-03 02:58:31 UTC
185.122.58[.]89,443,5,05d10d20d21d20d05c05d10d05d20d74fcf6501ae7a92319e575bfafd2a827,57878,2022-02-03 02:58:31 UTC
93.104.208[.]37,8080,5,,8767,2022-02-03 02:58:31 UTC
54.37.106[.]167,8080,5,,16276,2022-02-02 23:47:21 UTC
185.184.25[.]78,8080,5,,209711,2022-02-02 23:47:21 UTC
172.105.115[.]71,443,5,2ad2ad0002ad2ad0002ad2ad2ad2ade1a3c0d7ca6ad8388057924be83dfc6a,63949,2022-02-02 23:47:21 UTC
23.246.204[.]126,443,4,05d13d20d21d20d05c05d13d05d20dd7fc4c7c6ef19b77a4ca0787979cdc13,36351,2022-02-02 15:39:50 UTC
149.56.163[.]161,8080,4,,16276,2022-02-02 15:39:50 UTC
103.75.201[.]4,443,4,2ad2ad0002ad2ad0002ad2ad2ad2ade1a3c0d7ca6ad8388057924be83dfc6a,133496,2022-02-01 18:43:36 UTC
149.202.179[.]100,443,4,2ad2ad0002ad2ad0002ad2ad2ad2ade1a3c0d7ca6ad8388057924be83dfc6a,16276,2022-02-01 18:43:36 UTC
173.203.78[.]138,443,5,2ad2ad0002ad2ad0002ad2ad2ad2ade1a3c0d7ca6ad8388057924be83dfc6a,19994,2022-01-31 17:37:33 UTC
144.76.186[.]49,8080,4,,24940,2022-01-31 16:36:54 UTC
209.239.112[.]82,8080,5,,30083,2022-01-31 15:57:11 UTC
45.63.5[.]129,443,5,40d1db40d0000001dc43d1db1db43d30fa1c21db107dbd9d33fe234255f0eb,20473,2022-01-31 15:57:11 UTC
139.196.72[.]155,8080,5,,37963,2022-01-28 15:58:12 UTC
103.41.204[.]169,8080,5,,58397,2022-01-28 15:58:12 UTC
198.199.98[.]78,8080,5,,14061,2022-01-28 15:58:12 UTC
74.207.230[.]120,8080,5,,63949,2022-01-28 15:58:12 UTC
160.16.102[.]168,80,4,,9370,2022-01-27 15:21:51 UTC
159.89.230[.]105,443,4,2ad2ad0002ad2ad0002ad2ad2ad2ade1a3c0d7ca6ad8388057924be83dfc6a,14061,2022-01-27 15:21:51 UTC
159.8.59[.]82,8080,4,,36351,2022-01-27 11:02:39 UTC
51.15.4[.]22,443,4,2ad2ad0002ad2ad0002ad2ad2ad2ade1a3c0d7ca6ad8388057924be83dfc6a,12876,2022-01-27 11:02:39 UTC
173.214.173[.]220,8080,4,,19318,2022-01-27 11:02:39 UTC
185.157.82[.]209,8080,4,,42927,2022-01-27 11:02:39 UTC
129.232.188[.]93,443,4,15d2ad16d29d29d00015d2ad15d29d67edd16014aa8d87eb613c543d04cbe2,37153,2022-01-26 15:26:31 UTC
200.17.134[.]35,7080,4,,1916,2022-01-26 15:26:31 UTC
188.40.137[.]206,8080,4,,24940,2022-01-26 15:26:31 UTC
89.32.148[.]223,443,4,2ad2ad0002ad2ad0002ad2ad2ad2ade1a3c0d7ca6ad8388057924be83dfc6a,43927,2022-01-26 15:26:31 UTC
118.98.72[.]86,443,5,,7713,2022-01-26 09:06:34 UTC
194.9.172[.]107,8080,5,,207992,2022-01-26 09:06:34 UTC
159.69.43[.]124,8080,5,,24940,2022-01-26 09:06:34 UTC
45.79.80[.]198,443,5,2ad2ad0002ad2ad0002ad2ad2ad2ade1a3c0d7ca6ad8388057924be83dfc6a,63949,2022-01-26 09:06:34 UTC
45.13.132[.]26,8080,5,,47583,2022-01-26 09:06:34 UTC
59.148.253[.]194,443,5,2ad2ad0002ad2ad0002ad2ad2ad2ade1a3c0d7ca6ad8388057924be83dfc6a,9269,2022-01-25 17:11:03 UTC
85.25.120[.]45,8080,5,,8972,2022-01-25 17:11:03 UTC
185.168.130[.]138,443,5,2ad2ad0002ad2ad0002ad2ad2ad2ade1a3c0d7ca6ad8388057924be83dfc6a,49720,2022-01-25 17:11:03 UTC
203.153.216[.]46,443,5,2ad2ad0002ad2ad0002ad2ad2ad2ade1a3c0d7ca6ad8388057924be83dfc6a,45291,2022-01-25 17:11:03 UTC
185.244.166[.]137,"443,8080",5,2ad2ad0002ad2ad0002ad2ad2ad2ade1a3c0d7ca6ad8388057924be83dfc6a,200303,2022-01-25 17:11:03 UTC
69.197.160[.]180,8080,4,,32097,2022-01-25 07:18:07 UTC
51.77.82[.]125,443,4,2ad2ad0002ad2ad0002ad2ad2ad2ade1a3c0d7ca6ad8388057924be83dfc6a,16276,2022-01-25 07:18:07 UTC
185.157.82[.]211,8080,4,,42927,2022-01-24 17:42:26 UTC
164.68.99[.]3,8080,4,,51167,2022-01-24 17:42:26 UTC
212.24.98[.]99,8080,4,,212531,2022-01-24 17:42:26 UTC
162.243.175[.]63,443,4,2ad2ad0002ad2ad0002ad2ad2ad2ade1a3c0d7ca6ad8388057924be83dfc6a,14061,2022-01-24 17:42:26 UTC
45.80.148[.]200,443,4,2ad2ad0002ad2ad0002ad2ad2ad2ade1a3c0d7ca6ad8388057924be83dfc6a,204641,2022-01-24 17:42:26 UTC
80.211.3[.]13,8080,4,,31034,2022-01-24 17:42:26 UTC
78.46.73[.]125,443,5,2ad2ad0002ad2ad0002ad2ad2ad2ade1a3c0d7ca6ad8388057924be83dfc6a,24940,2022-01-21 10:55:38 UTC
37.44.244[.]177,8080,5,,47583,2022-01-21 10:55:38 UTC
37.59.209[.]141,8080,5,,16276,2022-01-21 10:55:38 UTC
85.214.67[.]203,8080,5,,6724,2022-01-21 10:55:38 UTC
210.57.209[.]142,8080,5,,38142,2022-01-21 10:55:38 UTC
185.148.168[.]220,8080,5,,24679,2022-01-21 10:55:38 UTC
54.38.242[.]185,443,5,05d10d20d21d20d05c05d10d05d20d74fcf6501ae7a92319e575bfafd2a827,16276,2022-01-21 10:55:38 UTC
66.42.57[.]149,443,5,20d08b20d21d20d20c42d08b20b41d1ec49a4b64df0a9e9f328abd60285841,20473,2022-01-21 10:55:38 UTC
78.47.204[.]80,443,5,,24940,2022-01-21 10:55:38 UTC
159.69.237[.]188,443,5,,24940,2022-01-21 10:55:38 UTC
195.77.239[.]39,8080,5,,3352,2022-01-21 10:55:38 UTC
54.37.228[.]122,443,5,21d19d00000000021c21d19d21d21db2e1191a3715fa469c667680e6cfab7f,16276,2022-01-21 10:55:38 UTC
207.148.81[.]119,8080,5,,20473,2022-01-21 10:55:38 UTC
190.90.233[.]66,443,5,,262589,2022-01-21 10:55:38 UTC
62.171.178[.]147,8080,5,,51167,2022-01-21 10:55:38 UTC
116.124.128[.]206,8080,5,,9318,2022-01-21 10:55:38 UTC
195.154.146[.]35,443,5,,12876,2022-01-21 10:55:38 UTC
185.148.168[.]15,8080,5,,24679,2022-01-21 10:55:38 UTC
128.199.192[.]135,8080,5,,14061,2022-01-21 10:55:38 UTC
168.197.250[.]14,80,5,,264776,2022-01-21 10:55:38 UTC
104.131.62[.]48,8080,5,,14061,2022-01-21 10:55:38 UTC
191.252.103[.]16,80,5,,27715,2022-01-21 10:55:38 UTC
142.4.219[.]173,8080,5,,16276,2022-01-21 10:55:38 UTC
45.138.98[.]34,80,5,,9009,2022-01-21 10:55:38 UTC
69.16.218[.]101,8080,5,,32244,2022-01-21 10:55:38 UTC
51.210.242[.]234,8080,5,,16276,2022-01-21 10:55:38 UTC
51.178.61[.]60,443,5,05d10d20d21d20d05c05d10d05d20d74fcf6501ae7a92319e575bfafd2a827,16276,2022-01-11 17:56:55 UTC
45.79.33[.]48,8080,5,,63949,2022-01-11 17:56:55 UTC
177.72.80[.]14,7080,5,,262543,2022-01-11 17:56:55 UTC
185.148.169[.]10,8080,5,,24679,2022-01-11 17:56:55 UTC
217.182.143[.]207,443,"5,4",2ad2ad0002ad2ad0002ad2ad2ad2ade1a3c0d7ca6ad8388057924be83dfc6a,16276,2022-01-11 11:09:09 UTC
45.176.232[.]124,443,4,,267869,2022-01-11 11:09:09 UTC
173.212.193[.]249,8080,4,,51167,2022-01-11 11:09:09 UTC
203.114.109[.]124,443,4,2ad2ad0002ad2ad0002ad2ad2ad2ade1a3c0d7ca6ad8388057924be83dfc6a,131293,2022-01-11 11:09:09 UTC
45.118.115[.]99,8080,4,,131717,2022-01-11 11:09:09 UTC
212.237.17[.]99,8080,4,,31034,2022-01-11 11:09:09 UTC
46.55.222[.]11,443,4,2ad2ad0002ad2ad0002ad2ad2ad2ade1a3c0d7ca6ad8388057924be83dfc6a,51582,2022-01-11 11:09:09 UTC
131.100.24[.]231,80,4,,61635,2022-01-11 11:09:09 UTC
107.182.225[.]142,8080,4,,32780,2022-01-11 11:09:09 UTC
158.69.222[.]101,443,4,2ad2ad0002ad2ad0002ad2ad2ad2ade1a3c0d7ca6ad8388057924be83dfc6a,16276,2022-01-11 11:09:09 UTC
103.75.201[.]2,443,4,2ad2ad0002ad2ad0002ad2ad2ad2ade1a3c0d7ca6ad8388057924be83dfc6a,133496,2022-01-11 11:09:09 UTC
216.158.226[.]206,443,4,05d02d20d21d20d05c05d02d05d20dd7fc4c7c6ef19b77a4ca0787979cdc13,19318,2022-01-11 11:09:09 UTC
58.227.42[.]236,80,4,,9318,2022-01-11 11:09:09 UTC
110.232.117[.]186,8080,4,,56038,2022-01-11 11:09:09 UTC
209.59.138[.]75,7080,4,,32244,2022-01-11 11:09:09 UTC
103.8.26[.]103,8080,4,,132241,2022-01-11 11:09:09 UTC
51.38.71[.]0,443,4,2ad2ad16d2ad2ad0002ad2ad2ad2ad96f985e03e80eb27111a2ea9dd745f27,16276,2022-01-11 11:09:09 UTC
79.172.212[.]216,8080,4,,61998,2022-01-11 11:09:09 UTC
207.38.84[.]195,8080,4,,30083,2022-01-11 11:09:09 UTC
104.168.155[.]129,8080,4,,54290,2022-01-11 11:09:09 UTC
178.79.147[.]66,8080,4,,63949,2022-01-11 11:09:09 UTC
103.8.26[.]102,8080,4,,132241,2022-01-11 11:09:09 UTC
192.254.71[.]210,443,4,2ad2ad0002ad2ad0002ad2ad2ad2ade1a3c0d7ca6ad8388057924be83dfc6a,31863,2022-01-11 11:09:09 UTC
51.68.175[.]8,8080,4,,16276,2022-01-11 11:09:09 UTC
45.142.114[.]231,8080,4,,44486,2022-01-11 11:09:09 UTC
178.63.25[.]185,443,4,,24940,2022-01-11 11:09:09 UTC
104.251.214[.]46,8080,4,,29802,2022-01-11 11:09:09 UTC
81.0.236[.]90,443,4,2ad2ad16d2ad2ad00042d42d00000061256d32ed7779c14686ad100544dc8d,15685,2022-01-11 11:09:09 UTC
45.118.135[.]203,7080,4,,63949,2022-01-11 11:09:09 UTC
176.104.106[.]96,8080,4,,198371,2022-01-11 11:09:09 UTC
212.237.56[.]116,7080,4,,31034,2022-01-11 11:09:09 UTC
50.116.54[.]215,443,4,2ad2ad0002ad2ad0002ad2ad2ad2ade1a3c0d7ca6ad8388057924be83dfc6a,63949,2022-01-11 11:09:09 UTC
138.185.72[.]26,8080,4,,264343,2022-01-11 11:09:09 UTC
41.76.108[.]46,8080,4,,327979,2022-01-11 11:09:09 UTC
212.237.5[.]209,443,4,2ad2ad0002ad2ad0002ad2ad2ad2ade1a3c0d7ca6ad8388057924be83dfc6a,31034,2022-01-11 11:09:09 UTC
195.154.133[.]20,443,4,,12876,2022-01-11 11:09:09 UTC
162.214.50[.]39,7080,4,,46606,2022-01-11 11:09:09 UTC
91.200.186[.]228,443,4,2ad2ad0002ad2ad0002ad2ad2ad2ade1a3c0d7ca6ad8388057924be83dfc6a,43962,2022-01-04 04:24:39 UTC
191.252.196[.]221,8080,4,,27715,2022-01-04 04:24:39 UTC
94.177.248[.]64,443,4,2ad2ad0002ad2ad0002ad2ad2ad2ade1a3c0d7ca6ad8388057924be83dfc6a,199883,2022-01-04 04:24:39 UTC
66.42.55[.]5,7080,4,,20473,2022-01-04 04:24:39 UTC
185.184.25[.]237,8080,4,,209711,2022-01-04 04:24:39 UTC
210.57.217[.]132,8080,4,,38142,2022-01-04 04:24:39 UTC
81.0.236[.]93,443,4,2ad2ad0002ad2ad0002ad2ad2ad2ade1a3c0d7ca6ad8388057924be83dfc6a,15685,2021-12-09 10:58:57 UTC
45.76.176[.]10,8080,4,,20473,2021-12-09 10:58:57 UTC
188.93.125[.]116,8080,4,,35779,2021-12-09 10:58:57 UTC
